{"cameraMode":{"drawMode":0,"name":"Shaded","section":"Shading Mode"},"sceneLighting":false,"audioPlay":false,"sceneViewState":{"m_AlwaysRefresh":false,"showFog":false,"showSkybox":false,"showFlares":false,"showImageEffects":false,"showParticleSystems":false,"showVisualEffectGraphs":true,"m_FxEnabled":true},"in2DMode":false,"pivot":{"x":0.09439881891012192,"y":0.8200072646141052,"z":0.9855023622512817},"rotation":{"x":0.08339983224868775,"y":0.9154868125915527,"z":-0.2536792457103729,"w":0.30104050040245058},"size":1.029949426651001,"orthographic":false}