{"cameraMode":{"drawMode":0,"name":"Shaded","section":"Shading Mode"},"sceneLighting":false,"audioPlay":false,"sceneViewState":{"m_AlwaysRefresh":false,"showFog":false,"showSkybox":false,"showFlares":false,"showImageEffects":false,"showParticleSystems":false,"showVisualEffectGraphs":true,"m_FxEnabled":true},"in2DMode":false,"pivot":{"x":1.0473487377166749,"y":3.466271162033081,"z":-1.0119694471359254},"rotation":{"x":-0.0003347292367834598,"y":0.9995033740997315,"z":-0.03090408444404602,"w":-0.009906123392283917},"size":2.8252243995666506,"orthographic":false}