{"cameraMode":{"drawMode":0,"name":"Shaded","section":"Shading Mode"},"sceneLighting":false,"audioPlay":false,"sceneViewState":{"m_AlwaysRefresh":false,"showFog":false,"showSkybox":false,"showFlares":false,"showImageEffects":false,"showParticleSystems":false,"showVisualEffectGraphs":true,"m_FxEnabled":true},"in2DMode":false,"pivot":{"x":-0.00970470905303955,"y":2.000223159790039,"z":0.0012284517288208008},"rotation":{"x":-0.0879581868648529,"y":-0.6848275661468506,"z":0.08383229374885559,"w":-0.7185090184211731},"size":3.129406690597534,"orthographic":false}